{
  "mae_test": 0.0052259902736420056,
  "r2_test": -0.39126167104920584,
  "rows_train": 773
}